protocol,runs,synthetic_mean,synthetic_min,synthetic_max,first_start,last_end,return_mean,return_std,block_jump_abs_mean
authors,30,1214.3485107421875,1161.7900390625,1275.9200439453125,1253.300048828125,1248.8401163736978,9.918132157811972e-06,0.004461599482844227,4.47130331993103
random_init,30,1833.6829427083333,1164.066035970052,2272.393937174479,1725.8596516927084,1788.8354329427084,0.00011462395729415152,0.014831805291275129,336.3371073404948
single,30,4138.141129557292,1161.7900390625,7085.148160807292,1253.300048828125,7085.148160807292,6.885039644354644e-05,0.00045895235865217,
