{
  "output": "/Users/ericshao/Documents/GitHub/ml-in-fcs/reports/generated_outputs/03_appendix_b3_simulated_sisc/16_b3_sisc_sweep",
  "results": "/Users/ericshao/Documents/GitHub/ml-in-fcs/reports/generated_outputs/03_appendix_b3_simulated_sisc/16_b3_sisc_sweep/sweep_results.csv",
  "completed_successful_runs": 18,
  "attempted_rows": 18,
  "paper_multi_pattern": {
    "avg_per_unit_dtw": 0.01,
    "jaccard": 0.784
  },
  "best_by_dtw": {
    "seed": 4,
    "k": 4,
    "l_min": 10,
    "l_max": 20,
    "max_iters": 10,
    "init": "kmeans++",
    "barycenter": "dba",
    "runtime_sec": 120.851,
    "n_segments_real": 668,
    "n_segments_sisc": 709,
    "final_loss": 387.3602118244687,
    "min_loss": 387.3602118244687,
    "avg_per_unit_dtw": 0.032140730852168786,
    "per_unit_dtw_p0": 0.020367039383659764,
    "per_unit_dtw_p1": 0.022531049131523442,
    "per_unit_dtw_p2": 0.030695931136370376,
    "per_unit_dtw_p3": 0.05496890375712156,
    "boundary_jaccard_tol0": 0.048669201520912544,
    "boundary_jaccard_tol1": 0.09968102073365231,
    "boundary_jaccard_tol2": 0.20647419072615922,
    "boundary_jaccard_tol5": 0.679658952496955,
    "author_interval_iou_pred": 0.5948493619279063,
    "author_interval_iou_real": 0.6125829098352936,
    "pointwise_label_accuracy": 0.42464246424642466,
    "per_segment_majority_accuracy": 0.48502994011976047,
    "alignment_gt_to_sisc": "{\"0\": 2, \"1\": 0, \"2\": 1, \"3\": 3}",
    "distance_matrix": "[[0.0625057569838684, 0.1083164141013584, 0.020367039383659764, 0.04821540467959038], [0.022531049131523442, 0.07550925276695677, 0.06725634478650791, 0.036458310096262936], [0.0749992643208682, 0.030695931136370376, 0.10074073699432258, 0.06781845065652962], [0.06667292882424149, 0.08458345339221968, 0.042491674615446964, 0.05496890375712156]]"
  },
  "best_by_author_interval_iou": {
    "seed": 2,
    "k": 4,
    "l_min": 10,
    "l_max": 21,
    "max_iters": 20,
    "init": "kmeans++",
    "barycenter": "dba",
    "runtime_sec": 350.707,
    "n_segments_real": 668,
    "n_segments_sisc": 742,
    "final_loss": 361.0883228136458,
    "min_loss": 357.0872912440955,
    "avg_per_unit_dtw": 0.038184748209415864,
    "per_unit_dtw_p0": 0.02071489247158225,
    "per_unit_dtw_p1": 0.03380034895350699,
    "per_unit_dtw_p2": 0.026942911648162416,
    "per_unit_dtw_p3": 0.07128083976441181,
    "boundary_jaccard_tol0": 0.12689545091779728,
    "boundary_jaccard_tol1": 0.22996515679442509,
    "boundary_jaccard_tol2": 0.3589990375360924,
    "boundary_jaccard_tol5": 0.6553341148886284,
    "author_interval_iou_pred": 0.6417796780616901,
    "author_interval_iou_real": 0.6728219417142043,
    "pointwise_label_accuracy": 0.5359535953595359,
    "per_segment_majority_accuracy": 0.6212574850299402,
    "alignment_gt_to_sisc": "{\"0\": 1, \"1\": 2, \"2\": 0, \"3\": 3}",
    "distance_matrix": "[[0.10143903417707005, 0.02071489247158225, 0.05977450529244975, 0.08604387067007274], [0.060947676985103415, 0.06294156775858081, 0.03380034895350699, 0.0765183279431551], [0.026942911648162416, 0.09609908078375098, 0.07431320815372185, 0.05388589892221967], [0.08498852435601623, 0.04420793279140166, 0.06891216226374984, 0.07128083976441181]]"
  },
  "best_by_boundary_jaccard_tol2": {
    "seed": 0,
    "k": 4,
    "l_min": 10,
    "l_max": 20,
    "max_iters": 20,
    "init": "kmeans++",
    "barycenter": "dba",
    "runtime_sec": 255.899,
    "n_segments_real": 668,
    "n_segments_sisc": 748,
    "final_loss": 366.62239472953166,
    "min_loss": 344.3687224253745,
    "avg_per_unit_dtw": 0.041221469428489185,
    "per_unit_dtw_p0": 0.02116164719192514,
    "per_unit_dtw_p1": 0.03270930279000486,
    "per_unit_dtw_p2": 0.0405348671779352,
    "per_unit_dtw_p3": 0.07048006055409155,
    "boundary_jaccard_tol0": 0.12094861660079051,
    "boundary_jaccard_tol1": 0.23304347826086957,
    "boundary_jaccard_tol2": 0.36084452975047987,
    "boundary_jaccard_tol5": 0.6261467889908257,
    "author_interval_iou_pred": 0.6382161251687637,
    "author_interval_iou_real": 0.6704887983328255,
    "pointwise_label_accuracy": 0.5368294635708567,
    "per_segment_majority_accuracy": 0.6227544910179641,
    "alignment_gt_to_sisc": "{\"0\": 3, \"1\": 1, \"2\": 2, \"3\": 0}",
    "distance_matrix": "[[0.09379845653502378, 0.06140770249483862, 0.10538616740060862, 0.02116164719192514], [0.09135280757218447, 0.03270930279000486, 0.07022918688199248, 0.0695784134690751], [0.06017229529450494, 0.07583727405959374, 0.0405348671779352, 0.09465542994502715], [0.07048006055409155, 0.07321572855802318, 0.08933735389623729, 0.044279916527089104]]"
  }
}
