{
  "sp500_paper": -17.9,
  "goog_paper": -15.3,
  "zcf_paper": -17.4,
  "sp500_stored_authors": 208.3885856278417,
  "goog_stored_authors": 1003.094275038263,
  "zcf_stored_authors": 75.07347794922688,
  "sp500_continuous_best": -84.8547303487678,
  "sp500_continuous_final": -65.2051003064477,
  "sp500_refit_final": -68.24974765003407,
  "sp500_independent_best": 0.0,
  "sp500_independent_final": 193.20159205815744,
  "tmtr_reference_best": -26.777511098891463,
  "tmtr_reference_final": 359.68440308175303,
  "tmtr_offset30_final": -17.79579429803091,
  "tmtr_offset50_final": 751.950428392253,
  "b3_one_paper_dtw": 0.009,
  "b3_one_paper_jaccard": 0.938,
  "b3_one_best_dtw": 0.0201798787573353,
  "b3_one_best_boundary_jaccard": 0.8693181818181818,
  "b3_multi_paper_dtw": 0.01,
  "b3_multi_paper_iou": 0.784,
  "b3_multi_best_dtw": 0.032140730852168786,
  "b3_multi_best_interval_iou": 0.6417796780616901,
  "b3_multi_best_boundary_jaccard": 0.36084452975047987
}