family,sample_id,persistence,n_seeds,pooled_delta_mean,pooled_delta_std,acf_r_lag1_mean,acf_abs_r_lag1_mean,signed_stylized_distance_mean,signed_stylized_distance_std,magnitude_path_distance_mean
iid_signs,iid_signs,,100,0.10045498551347969,0.07148088154497535,-0.005506039708128768,0.16678039488848573,0.8096553555740083,0.9249262709362907,0.0
markov_signs,markov_signs_p0.55,0.55,100,0.12580471592016124,0.09329138826887008,0.0607245755246173,0.16678039488848573,0.7158013987159699,0.53126534224705,0.0
markov_signs,markov_signs_p0.65,0.65,100,0.21519190084561055,0.1288658864910797,0.16898754461684856,0.16678039488848573,0.7252577129146794,0.6252348518476932,0.0
markov_signs,markov_signs_p0.75,0.75,100,0.3717316959318024,0.22968167322968724,0.2946605579849207,0.16678039488848573,0.8335218432945654,0.9503243206947272,0.0
markov_signs,markov_signs_p0.85,0.85,100,0.5383291249287917,0.26603776817702457,0.4035516026620959,0.16678039488848573,0.7499310086251298,0.6365254611759293,0.0
markov_signs,markov_signs_p0.90,0.9,100,0.6604360887281976,0.3686427653298852,0.46502820318110866,0.16678039488848573,0.9534591359553538,0.8928440610923555,0.0
real,real_eval,,100,0.10486792765329729,0.08011104417316883,4.436065280089239e-05,0.16678039488848573,0.0,0.0,0.0
