family,sample_id,persistence,n_seeds,pooled_delta_mean,pooled_delta_std,oos_corr_mean,direction_acc_mean,strategy_edge_mean,strategy_sharpe_mean,strategy_sharpe_std,acf_r_lag1_mean,acf_abs_r_lag1_mean
iid_signs,iid_signs,,100,0.10045498551347969,0.07148088154497535,0.001710607381966404,0.500320641282565,0.0075867097410464044,0.08219979103399357,0.6864232589313116,-0.005506039708128768,0.16678039488848573
markov_signs,markov_signs_p0.65,0.65,100,0.21519190084561055,0.1288658864910797,0.13932839066719477,0.5909418837675351,0.13058464369126996,2.1475833936443727,1.0570982498883321,0.16898754461684856,0.16678039488848573
markov_signs,markov_signs_p0.75,0.75,100,0.3717316959318024,0.22968167322968724,0.28447733627995486,0.6924849699398797,0.2820732184528564,4.784213633330447,1.1079021425985476,0.2946605579849207,0.16678039488848573
markov_signs,markov_signs_p0.85,0.85,100,0.5383291249287917,0.26603776817702457,0.4136718700569553,0.7945490981963929,0.42690824187331144,7.6808162208750055,1.2598495162475962,0.4035516026620959,0.16678039488848573
markov_signs,markov_signs_p0.90,0.9,100,0.6604360887281976,0.3686427653298852,0.4886426594638278,0.8526052104208417,0.5080593429406474,9.646556972150453,1.408137856610698,0.46502820318110866,0.16678039488848573
real,real_eval,,100,0.10486792765329729,0.08011104417316883,0.0035295711908511296,0.5020841683366732,0.0035797691964619877,0.09795669870163087,0.8420139245682677,4.436065280089239e-05,0.16678039488848573
