selector,n_seeds,delta_mean,delta_std,null_violation_rate,high_persistence_rate,stylized_score_mean,normalized_mse_mean,normalized_mse_std,excess_mse_vs_real_only_mean,coef_norm_mean,mean_abs_prediction
oracle_test_mse,1000,0.09994588492637058,0.08566041295485567,0.415,0.005,0.21345168340837753,0.9979062772870597,0.005830674933620797,-0.03185096444324601,0.09498840742290565,0.05307649530946658
drift_penalized,1000,0.09578848748547245,0.0907913522198597,0.346,0.002,0.05200374856773481,1.0086572881672824,0.010546672804233086,-0.02109995356302342,0.10659113170809888,0.057660089672148626
stylized_only,1000,0.27799715699618655,0.29803196930298964,0.76,0.393,0.034404712396556465,1.0451994085230434,0.050420432377075074,0.015442166792737437,0.1987643399265622,0.12838152872568892
random,1000,0.33998681746463427,0.35472365002278733,0.848,0.502,0.3106285238635436,1.057856458387584,0.052626576484081346,0.02809921665727828,0.22627795283170246,0.1488530522069731
