seed,protocol,n_days,first,last,min,max,mean,std
42,continuous,25200,1253.30004883,7085.678816792849,1161.79003906,7085.678816792849,4138.334783261123,1701.5933310173698
42,independent_blocks,25200,1253.30004883,1248.8370971654688,1161.79003906,1275.92004395,1214.3511169323378,24.528508961493046
43,continuous,25200,1253.30004883,7084.461104390505,1161.79003906,7084.461104390505,4138.076536730054,1701.1562351995535
43,independent_blocks,25200,1253.30004883,1248.6670408223902,1161.79003906,1275.92004395,1214.3493740896483,24.52799322414868
