pattern,series_length,n_segments_real,n_segments_sisc,per_unit_dtw,boundary_jaccard_tol2,paper_per_unit_dtw,paper_boundary_jaccard
0,2541,169,146,0.020179878757335366,0.30991735537190085,0.009,0.938
1,2429,164,160,0.02577615231169819,0.25868725868725867,0.009,0.938
2,2412,162,135,0.032543617670955476,0.11567164179104478,0.009,0.938
3,2618,173,175,0.05955172284936626,0.49572649572649574,0.009,0.938
