source_type,sample_id,n_obs,pooled_delta,rolling_delta_mean,rolling_delta_std,rolling_delta_min,rolling_delta_max,n_windows,train_mean,train_std
real,test,410,0.15090842138987218,0.16750671199959954,0.02328437444435875,0.13262084998000057,0.2018651239313054,8,-0.007368779621342509,0.9907178076891772
synthetic,ar1_phi_0_4_returns,2048,0.5284203467860955,0.5622937846069064,0.11051792647723192,0.32621449682635606,0.8305027462888303,86,-0.007368779621342509,0.9907178076891772
synthetic,block_shuffled_iid_returns,2048,0.03131121436605078,0.11528858925949877,0.04813939631002706,0.02328841886492983,0.2495389079811042,86,-0.007368779621342509,0.9907178076891772
null,block_shuffle_summary,410,0.16045299415497744,0.19356229129723715,0.05397440496896932,0.14943822498317388,0.1662577829494825,10,-0.007368779621342509,0.9907178076891772
