source_type,sample_id,mean_r_next,mean_r_next_r_t,mean_r_next_r_t_minus_1,mean_r_next_abs_r_t,mean_r_next_abs_r_t_minus_1
real,test,-0.09788912041406238,-0.042157044935628205,-0.005122077034353079,-0.02734394306342316,-0.10315002868559113
synthetic,ar1_phi_0_4_returns,-0.0012321735061162182,0.48765445340377744,0.2017532656081831,-0.011894496117909374,-0.023954529842731977
synthetic,block_shuffled_iid_returns,-0.020159554501099613,-0.015602459400551298,-0.010830864622878848,-0.006395600699501543,-0.013127697104272857
