source_type,sample_id,n_obs,mean,std,skew,excess_kurtosis,min,max,q01,q05,q50,q95,q99,acf_r_lag1,acf_abs_r_lag1,acf_r_l1_mean_abs,acf_abs_r_l1_mean_abs
real,test,410,-0.10707130482255282,1.039345905814747,-0.054080933539606475,-0.2867085001481948,-3.114509202550763,2.692757483064791,-2.378311230927881,-1.8901374848104506,-0.09570405089537955,1.561932820751328,2.1133139667492102,-0.04629436847978467,-0.021109664751168395,0.03295525233728549,0.03155774227102964
synthetic,ar1_phi_0_4_returns,2048,-0.007972112863672835,1.086689476408865,0.039348746904562706,-0.15844481250973796,-3.6664623055221073,3.6509001401999432,-2.507050356085922,-1.8031483983997139,-0.0263220848164137,1.7527453308102023,2.4950574458054366,0.405078353020707,0.12404472412165596,0.030262820863010926,0.021335707965724447
synthetic,block_shuffled_iid_returns,2048,-0.027328757811037937,1.0014371384915275,-0.05820517712031698,0.029023144235480025,-3.899421730054339,3.0660367390488967,-2.395597399592776,-1.6441791821852998,-0.0310079971197794,1.6194893801064787,2.2443067967036465,-0.01566316092523771,-0.02321280663714087,0.0184987131706296,0.01660271579520054
null,block_shuffle_summary,410,-0.10707130482255285,1.0393459058147472,-0.054080933539606454,-0.28670850014819604,-3.114509202550763,2.692757483064791,-2.378311230927881,-1.890137484810451,-0.09570405089537956,1.5619328207513283,2.1133139667492102,-0.046876305426703437,-0.0311569455735941,0.03554344019126611,0.038489836592885567
