Pattern,Per-unit DTW
0,0.019821220506517318
1,0.032663745383952045
2,0.04326254357305144
3,0.06430533599349988
Average,0.040013211364255175
Paper,0.01
