protocol_family,paths,points,first,last,min,max,mean,std
continuous_argmax,1,12600,1253.30004883,4138.20361328125,1161.79003906,4138.20361328125,2664.7674426560175,850.8951987035027
continuous_sampled,1,12600,1253.30004883,2638.273681640625,1161.79003906,2638.273681640625,1988.9996758451916,414.85389285997366
independent_argmax,50,12600,1253.30004883,1248.91162109375,1161.79003906,1275.92004395,1214.3420449490054,24.5279245641349
independent_sampled,50,12600,1253.30004883,1243.87890625,1161.79003906,1275.92004395,1200.3182578241294,20.03624136745871
